Date,code,Minimum stock,purchase_r,Month,Value,Year
01/01/2022,15001,246.5,685,1,63,2022
01/02/2022,15001,246.5,685,2,48,2022
01/03/2022,15001,246.5,685,3,69,2022
01/04/2022,15001,246.5,685,4,81,2022
01/05/2022,15001,246.5,685,5,278,2022
01/06/2022,15001,246.5,685,6,43,2022
01/07/2022,15001,246.5,685,7,129,2022
01/08/2022,15001,246.5,685,8,42,2022
01/09/2022,15001,246.5,685,9,114,2022
01/10/2022,15001,246.5,685,10,73,2022
01/11/2022,15001,246.5,685,11,43,2022
01/12/2022,15001,246.5,685,12,92,2022
01/01/2022,15002,110,391,1,68,2022
01/02/2022,15002,110,391,2,37,2022
01/03/2022,15002,110,391,3,94,2022
01/04/2022,15002,110,391,4,34,2022
01/05/2022,15002,110,391,5,10,2022
01/06/2022,15002,110,391,6,58,2022
01/07/2022,15002,110,391,7,91,2022
01/08/2022,15002,110,391,8,81,2022
01/09/2022,15002,110,391,9,6,2022
01/10/2022,15002,110,391,10,1,2022
01/11/2022,15002,110,391,11,22,2022
01/12/2022,15002,110,391,12,19,2022
01/01/2022,15003,21.6,504,1,2,2022
01/02/2022,15003,21.6,504,2,4,2022
01/03/2022,15003,21.6,504,3,0,2022
01/04/2022,15003,21.6,504,4,7,2022
01/05/2022,15003,21.6,504,5,7,2022
01/06/2022,15003,21.6,504,6,39,2022
01/07/2022,15003,21.6,504,7,24,2022
01/08/2022,15003,21.6,504,8,0,2022
01/09/2022,15003,21.6,504,9,1,2022
01/10/2022,15003,21.6,504,10,0,2022
01/11/2022,15003,21.6,504,11,15,2022
01/12/2022,15003,21.6,504,12,6,2022
01/01/2022,15004,399,518,1,311,2022
01/02/2022,15004,399,518,2,23,2022
01/03/2022,15004,399,518,3,114,2022
01/04/2022,15004,399,518,4,59,2022
01/05/2022,15004,399,518,5,119,2022
01/06/2022,15004,399,518,6,189,2022
01/07/2022,15004,399,518,7,274,2022
01/08/2022,15004,399,518,8,127,2022
01/09/2022,15004,399,518,9,0,2022
01/10/2022,15004,399,518,10,171,2022
01/11/2022,15004,399,518,11,122,2022
01/12/2022,15004,399,518,12,104,2022
01/01/2022,15005,46,174,1,236,2022
01/02/2022,15005,46,174,2,0,2022
01/03/2022,15005,46,174,3,14,2022
01/04/2022,15005,46,174,4,2,2022
01/05/2022,15005,46,174,5,46,2022
01/06/2022,15005,46,174,6,11,2022
01/07/2022,15005,46,174,7,9,2022
01/08/2022,15005,46,174,8,26,2022
01/09/2022,15005,46,174,9,0,2022
01/10/2022,15005,46,174,10,12,2022
01/11/2022,15005,46,174,11,29,2022
01/12/2022,15005,46,174,12,17,2022
01/01/2022,15006,54.5,141,1,38,2022
01/02/2022,15006,54.5,141,2,1,2022
01/03/2022,15006,54.5,141,3,13,2022
01/04/2022,15006,54.5,141,4,10,2022
01/05/2022,15006,54.5,141,5,7,2022
01/06/2022,15006,54.5,141,6,9,2022
01/07/2022,15006,54.5,141,7,14,2022
01/08/2022,15006,54.5,141,8,8,2022
01/09/2022,15006,54.5,141,9,2,2022
01/10/2022,15006,54.5,141,10,74,2022
01/11/2022,15006,54.5,141,11,7,2022
01/12/2022,15006,54.5,141,12,4,2022
01/01/2022,15007,290.5,614,1,138,2022
01/02/2022,15007,290.5,614,2,101,2022
01/03/2022,15007,290.5,614,3,161,2022
01/04/2022,15007,290.5,614,4,47,2022
01/05/2022,15007,290.5,614,5,156,2022
01/06/2022,15007,290.5,614,6,156,2022
01/07/2022,15007,290.5,614,7,110,2022
01/08/2022,15007,290.5,614,8,134,2022
01/09/2022,15007,290.5,614,9,73,2022
01/10/2022,15007,290.5,614,10,63,2022
01/11/2022,15007,290.5,614,11,89,2022
01/12/2022,15007,290.5,614,12,112,2022
01/01/2022,15008,79.5,281,1,45,2022
01/02/2022,15008,79.5,281,2,93,2022
01/03/2022,15008,79.5,281,3,8,2022
01/04/2022,15008,79.5,281,4,14,2022
01/05/2022,15008,79.5,281,5,35,2022
01/06/2022,15008,79.5,281,6,69,2022
01/07/2022,15008,79.5,281,7,38,2022
01/08/2022,15008,79.5,281,8,29,2022
01/09/2022,15008,79.5,281,9,0,2022
01/10/2022,15008,79.5,281,10,65,2022
01/11/2022,15008,79.5,281,11,6,2022
01/12/2022,15008,79.5,281,12,21,2022
01/01/2022,15009,144,528,1,39,2022
01/02/2022,15009,144,528,2,2,2022
01/03/2022,15009,144,528,3,11,2022
01/04/2022,15009,144,528,4,36,2022
01/05/2022,15009,144,528,5,45,2022
01/06/2022,15009,144,528,6,10,2022
01/07/2022,15009,144,528,7,22,2022
01/08/2022,15009,144,528,8,44,2022
01/09/2022,15009,144,528,9,60,2022
01/10/2022,15009,144,528,10,111,2022
01/11/2022,15009,144,528,11,3,2022
01/12/2022,15009,144,528,12,0,2022
01/01/2022,15017,32.5,267,1,35,2022
01/02/2022,15017,32.5,267,2,0,2022
01/03/2022,15017,32.5,267,3,13,2022
01/04/2022,15017,32.5,267,4,14,2022
01/05/2022,15017,32.5,267,5,0,2022
01/06/2022,15017,32.5,267,6,18,2022
01/07/2022,15017,32.5,267,7,28,2022
01/08/2022,15017,32.5,267,8,20,2022
01/09/2022,15017,32.5,267,9,14,2022
01/10/2022,15017,32.5,267,10,21,2022
01/11/2022,15017,32.5,267,11,0,2022
01/12/2022,15017,32.5,267,12,9,2022
01/01/2022,15018,27,19,1,5,2022
01/02/2022,15018,27,19,2,0,2022
01/03/2022,15018,27,19,3,0,2022
01/04/2022,15018,27,19,4,0,2022
01/05/2022,15018,27,19,5,0,2022
01/06/2022,15018,27,19,6,0,2022
01/07/2022,15018,27,19,7,27,2022
01/08/2022,15018,27,19,8,0,2022
01/09/2022,15018,27,19,9,6,2022
01/10/2022,15018,27,19,10,0,2022
01/11/2022,15018,27,19,11,2,2022
01/12/2022,15018,27,19,12,1,2022
01/01/2022,15019,3.6,54,1,1,2022
01/02/2022,15019,3.6,54,2,0,2022
01/03/2022,15019,3.6,54,3,0,2022
01/04/2022,15019,3.6,54,4,2,2022
01/05/2022,15019,3.6,54,5,8,2022
01/06/2022,15019,3.6,54,6,0,2022
01/07/2022,15019,3.6,54,7,0,2022
01/08/2022,15019,3.6,54,8,2,2022
01/09/2022,15019,3.6,54,9,0,2022
01/10/2022,15019,3.6,54,10,0,2022
01/11/2022,15019,3.6,54,11,3,2022
01/12/2022,15019,3.6,54,12,1,2022
01/01/2022,15024,31,42,1,0,2022
01/02/2022,15024,31,42,2,0,2022
01/03/2022,15024,31,42,3,7,2022
01/04/2022,15024,31,42,4,22,2022
01/05/2022,15024,31,42,5,12,2022
01/06/2022,15024,31,42,6,0,2022
01/07/2022,15024,31,42,7,17,2022
01/08/2022,15024,31,42,8,22,2022
01/09/2022,15024,31,42,9,3,2022
01/10/2022,15024,31,42,10,1,2022
01/11/2022,15024,31,42,11,18,2022
01/12/2022,15024,31,42,12,1,2022
01/01/2022,15025,22.5,11,1,3,2022
01/02/2022,15025,22.5,11,2,0,2022
01/03/2022,15025,22.5,11,3,4,2022
01/04/2022,15025,22.5,11,4,0,2022
01/05/2022,15025,22.5,11,5,22,2022
01/06/2022,15025,22.5,11,6,0,2022
01/07/2022,15025,22.5,11,7,20,2022
01/08/2022,15025,22.5,11,8,3,2022
01/09/2022,15025,22.5,11,9,4,2022
01/10/2022,15025,22.5,11,10,3,2022
01/11/2022,15025,22.5,11,11,0,2022
01/12/2022,15025,22.5,11,12,0,2022
01/01/2022,15026,14.25,13,1,10,2022
01/02/2022,15026,14.25,13,2,0,2022
01/03/2022,15026,14.25,13,3,7,2022
01/04/2022,15026,14.25,13,4,5,2022
01/05/2022,15026,14.25,13,5,6,2022
01/06/2022,15026,14.25,13,6,36,2022
01/07/2022,15026,14.25,13,7,0,2022
01/08/2022,15026,14.25,13,8,8,2022
01/09/2022,15026,14.25,13,9,10,2022
01/10/2022,15026,14.25,13,10,0,2022
01/11/2022,15026,14.25,13,11,1,2022
01/12/2022,15026,14.25,13,12,0,2022
01/01/2022,15027,266.4,579,1,82,2022
01/02/2022,15027,266.4,579,2,4,2022
01/03/2022,15027,266.4,579,3,6,2022
01/04/2022,15027,266.4,579,4,31,2022
01/05/2022,15027,266.4,579,5,34,2022
01/06/2022,15027,266.4,579,6,128,2022
01/07/2022,15027,266.4,579,7,196,2022
01/08/2022,15027,266.4,579,8,13,2022
01/09/2022,15027,266.4,579,9,17,2022
01/10/2022,15027,266.4,579,10,160,2022
01/11/2022,15027,266.4,579,11,58,2022
01/12/2022,15027,266.4,579,12,0,2022
01/01/2022,15028,114.5,207,1,61,2022
01/02/2022,15028,114.5,207,2,0,2022
01/03/2022,15028,114.5,207,3,32,2022
01/04/2022,15028,114.5,207,4,27,2022
01/05/2022,15028,114.5,207,5,35,2022
01/06/2022,15028,114.5,207,6,98,2022
01/07/2022,15028,114.5,207,7,58,2022
01/08/2022,15028,114.5,207,8,15,2022
01/09/2022,15028,114.5,207,9,0,2022
01/10/2022,15028,114.5,207,10,23,2022
01/11/2022,15028,114.5,207,11,48,2022
01/12/2022,15028,114.5,207,12,85,2022
01/01/2022,15033,121.5,544,1,63,2022
01/02/2022,15033,121.5,544,2,21,2022
01/03/2022,15033,121.5,544,3,71,2022
01/04/2022,15033,121.5,544,4,20,2022
01/05/2022,15033,121.5,544,5,34,2022
01/06/2022,15033,121.5,544,6,98,2022
01/07/2022,15033,121.5,544,7,79,2022
01/08/2022,15033,121.5,544,8,48,2022
01/09/2022,15033,121.5,544,9,44,2022
01/10/2022,15033,121.5,544,10,24,2022
01/11/2022,15033,121.5,544,11,32,2022
01/12/2022,15033,121.5,544,12,16,2022
01/01/2022,15034,22.8,105,1,11,2022
01/02/2022,15034,22.8,105,2,0,2022
01/03/2022,15034,22.8,105,3,4,2022
01/04/2022,15034,22.8,105,4,0,2022
01/05/2022,15034,22.8,105,5,0,2022
01/06/2022,15034,22.8,105,6,19,2022
01/07/2022,15034,22.8,105,7,2,2022
01/08/2022,15034,22.8,105,8,0,2022
01/09/2022,15034,22.8,105,9,6,2022
01/10/2022,15034,22.8,105,10,20,2022
01/11/2022,15034,22.8,105,11,12,2022
01/12/2022,15034,22.8,105,12,0,2022
01/01/2022,15035,185,230,1,47,2022
01/02/2022,15035,185,230,2,25,2022
01/03/2022,15035,185,230,3,72,2022
01/04/2022,15035,185,230,4,50,2022
01/05/2022,15035,185,230,5,82,2022
01/06/2022,15035,185,230,6,136,2022
01/07/2022,15035,185,230,7,145,2022
01/08/2022,15035,185,230,8,34,2022
01/09/2022,15035,185,230,9,60,2022
01/10/2022,15035,185,230,10,28,2022
01/11/2022,15035,185,230,11,32,2022
01/12/2022,15035,185,230,12,71,2022
01/01/2022,15036,196.5,0,1,254,2022
01/02/2022,15036,196.5,0,2,1,2022
01/03/2022,15036,196.5,0,3,30,2022
01/04/2022,15036,196.5,0,4,19,2022
01/05/2022,15036,196.5,0,5,76,2022
01/06/2022,15036,196.5,0,6,127,2022
01/07/2022,15036,196.5,0,7,7,2022
01/08/2022,15036,196.5,0,8,16,2022
01/09/2022,15036,196.5,0,9,192,2022
01/10/2022,15036,196.5,0,10,79,2022
01/11/2022,15036,196.5,0,11,27,2022
01/12/2022,15036,196.5,0,12,72,2022
01/01/2022,15037,20.4,233,1,36,2022
01/02/2022,15037,20.4,233,2,25,2022
01/03/2022,15037,20.4,233,3,25,2022
01/04/2022,15037,20.4,233,4,29,2022
01/05/2022,15037,20.4,233,5,8,2022
01/06/2022,15037,20.4,233,6,19,2022
01/07/2022,15037,20.4,233,7,14,2022
01/08/2022,15037,20.4,233,8,0,2022
01/09/2022,15037,20.4,233,9,0,2022
01/10/2022,15037,20.4,233,10,5,2022
01/11/2022,15037,20.4,233,11,8,2022
01/12/2022,15037,20.4,233,12,8,2022
01/01/2022,15038,75,98,1,27,2022
01/02/2022,15038,75,98,2,46,2022
01/03/2022,15038,75,98,3,1,2022
01/04/2022,15038,75,98,4,37,2022
01/05/2022,15038,75,98,5,28,2022
01/06/2022,15038,75,98,6,1,2022
01/07/2022,15038,75,98,7,50,2022
01/08/2022,15038,75,98,8,2,2022
01/09/2022,15038,75,98,9,3,2022
01/10/2022,15038,75,98,10,41,2022
01/11/2022,15038,75,98,11,12,2022
01/12/2022,15038,75,98,12,42,2022
01/01/2022,15039,15.6,15,1,8,2022
01/02/2022,15039,15.6,15,2,5,2022
01/03/2022,15039,15.6,15,3,22,2022
01/04/2022,15039,15.6,15,4,18,2022
01/05/2022,15039,15.6,15,5,8,2022
01/06/2022,15039,15.6,15,6,27,2022
01/07/2022,15039,15.6,15,7,10,2022
01/08/2022,15039,15.6,15,8,2,2022
01/09/2022,15039,15.6,15,9,0,2022
01/10/2022,15039,15.6,15,10,6,2022
01/11/2022,15039,15.6,15,11,8,2022
01/12/2022,15039,15.6,15,12,0,2022
01/01/2022,15040,12.5,196,1,0,2022
01/02/2022,15040,12.5,196,2,0,2022
01/03/2022,15040,12.5,196,3,0,2022
01/04/2022,15040,12.5,196,4,0,2022
01/05/2022,15040,12.5,196,5,0,2022
01/06/2022,15040,12.5,196,6,0,2022
01/07/2022,15040,12.5,196,7,0,2022
01/08/2022,15040,12.5,196,8,10,2022
01/09/2022,15040,12.5,196,9,1,2022
01/10/2022,15040,12.5,196,10,2,2022
01/11/2022,15040,12.5,196,11,6,2022
01/12/2022,15040,12.5,196,12,6,2022
01/01/2022,15041,16.2,208,1,0,2022
01/02/2022,15041,16.2,208,2,0,2022
01/03/2022,15041,16.2,208,3,0,2022
01/04/2022,15041,16.2,208,4,0,2022
01/05/2022,15041,16.2,208,5,0,2022
01/06/2022,15041,16.2,208,6,0,2022
01/07/2022,15041,16.2,208,7,0,2022
01/08/2022,15041,16.2,208,8,7,2022
01/09/2022,15041,16.2,208,9,3,2022
01/10/2022,15041,16.2,208,10,0,2022
01/11/2022,15041,16.2,208,11,17,2022
01/12/2022,15041,16.2,208,12,0,2022
01/01/2022,15060,182.5,296,1,46,2022
01/02/2022,15060,182.5,296,2,39,2022
01/03/2022,15060,182.5,296,3,132,2022
01/04/2022,15060,182.5,296,4,6,2022
01/05/2022,15060,182.5,296,5,73,2022
01/06/2022,15060,182.5,296,6,43,2022
01/07/2022,15060,182.5,296,7,63,2022
01/08/2022,15060,182.5,296,8,66,2022
01/09/2022,15060,182.5,296,9,32,2022
01/10/2022,15060,182.5,296,10,85,2022
01/11/2022,15060,182.5,296,11,40,2022
01/12/2022,15060,182.5,296,12,79,2022
01/01/2022,15061,175.5,325,1,3,2022
01/02/2022,15061,175.5,325,2,24,2022
01/03/2022,15061,175.5,325,3,13,2022
01/04/2022,15061,175.5,325,4,18,2022
01/05/2022,15061,175.5,325,5,15,2022
01/06/2022,15061,175.5,325,6,104,2022
01/07/2022,15061,175.5,325,7,90,2022
01/08/2022,15061,175.5,325,8,65,2022
01/09/2022,15061,175.5,325,9,47,2022
01/10/2022,15061,175.5,325,10,114,2022
01/11/2022,15061,175.5,325,11,34,2022
01/12/2022,15061,175.5,325,12,1,2022
01/01/2022,15062,88,67,1,22,2022
01/02/2022,15062,88,67,2,4,2022
01/03/2022,15062,88,67,3,40,2022
01/04/2022,15062,88,67,4,51,2022
01/05/2022,15062,88,67,5,24,2022
01/06/2022,15062,88,67,6,19,2022
01/07/2022,15062,88,67,7,21,2022
01/08/2022,15062,88,67,8,13,2022
01/09/2022,15062,88,67,9,0,2022
01/10/2022,15062,88,67,10,50,2022
01/11/2022,15062,88,67,11,44,2022
01/12/2022,15062,88,67,12,48,2022
01/01/2022,15063,13.8,29,1,1,2022
01/02/2022,15063,13.8,29,2,0,2022
01/03/2022,15063,13.8,29,3,0,2022
01/04/2022,15063,13.8,29,4,0,2022
01/05/2022,15063,13.8,29,5,8,2022
01/06/2022,15063,13.8,29,6,2,2022
01/07/2022,15063,13.8,29,7,3,2022
01/08/2022,15063,13.8,29,8,0,2022
01/09/2022,15063,13.8,29,9,10,2022
01/10/2022,15063,13.8,29,10,0,2022
01/11/2022,15063,13.8,29,11,0,2022
01/12/2022,15063,13.8,29,12,12,2022
01/01/2022,15064,38.25,113,1,9,2022
01/02/2022,15064,38.25,113,2,1,2022
01/03/2022,15064,38.25,113,3,0,2022
01/04/2022,15064,38.25,113,4,0,2022
01/05/2022,15064,38.25,113,5,6,2022
01/06/2022,15064,38.25,113,6,17,2022
01/07/2022,15064,38.25,113,7,2,2022
01/08/2022,15064,38.25,113,8,23,2022
01/09/2022,15064,38.25,113,9,5,2022
01/10/2022,15064,38.25,113,10,0,2022
01/11/2022,15064,38.25,113,11,21,2022
01/12/2022,15064,38.25,113,12,0,2022
01/01/2022,15065,15,42,1,8,2022
01/02/2022,15065,15,42,2,0,2022
01/03/2022,15065,15,42,3,12,2022
01/04/2022,15065,15,42,4,1,2022
01/05/2022,15065,15,42,5,19,2022
01/06/2022,15065,15,42,6,25,2022
01/07/2022,15065,15,42,7,17,2022
01/08/2022,15065,15,42,8,1,2022
01/09/2022,15065,15,42,9,7,2022
01/10/2022,15065,15,42,10,0,2022
01/11/2022,15065,15,42,11,1,2022
01/12/2022,15065,15,42,12,0,2022
01/01/2022,15066,31.2,141,1,3,2022
01/02/2022,15066,31.2,141,2,5,2022
01/03/2022,15066,31.2,141,3,6,2022
01/04/2022,15066,31.2,141,4,1,2022
01/05/2022,15066,31.2,141,5,0,2022
01/06/2022,15066,31.2,141,6,12,2022
01/07/2022,15066,31.2,141,7,7,2022
01/08/2022,15066,31.2,141,8,0,2022
01/09/2022,15066,31.2,141,9,19,2022
01/10/2022,15066,31.2,141,10,7,2022
01/11/2022,15066,31.2,141,11,25,2022
01/12/2022,15066,31.2,141,12,0,2022
01/01/2022,15067,34.8,146,1,13,2022
01/02/2022,15067,34.8,146,2,0,2022
01/03/2022,15067,34.8,146,3,4,2022
01/04/2022,15067,34.8,146,4,15,2022
01/05/2022,15067,34.8,146,5,13,2022
01/06/2022,15067,34.8,146,6,15,2022
01/07/2022,15067,34.8,146,7,7,2022
01/08/2022,15067,34.8,146,8,12,2022
01/09/2022,15067,34.8,146,9,0,2022
01/10/2022,15067,34.8,146,10,2,2022
01/11/2022,15067,34.8,146,11,0,2022
01/12/2022,15067,34.8,146,12,38,2022
01/01/2022,15068,7.2,60,1,2,2022
01/02/2022,15068,7.2,60,2,2,2022
01/03/2022,15068,7.2,60,3,0,2022
01/04/2022,15068,7.2,60,4,5,2022
01/05/2022,15068,7.2,60,5,7,2022
01/06/2022,15068,7.2,60,6,1,2022
01/07/2022,15068,7.2,60,7,0,2022
01/08/2022,15068,7.2,60,8,1,2022
01/09/2022,15068,7.2,60,9,0,2022
01/10/2022,15068,7.2,60,10,0,2022
01/11/2022,15068,7.2,60,11,3,2022
01/12/2022,15068,7.2,60,12,9,2022
01/01/2022,15069,11.4,92,1,6,2022
01/02/2022,15069,11.4,92,2,0,2022
01/03/2022,15069,11.4,92,3,39,2022
01/04/2022,15069,11.4,92,4,48,2022
01/05/2022,15069,11.4,92,5,0,2022
01/06/2022,15069,11.4,92,6,2,2022
01/07/2022,15069,11.4,92,7,1,2022
01/08/2022,15069,11.4,92,8,5,2022
01/09/2022,15069,11.4,92,9,0,2022
01/10/2022,15069,11.4,92,10,2,2022
01/11/2022,15069,11.4,92,11,6,2022
01/12/2022,15069,11.4,92,12,5,2022
01/01/2022,15070,20.4,111,1,33,2022
01/02/2022,15070,20.4,111,2,7,2022
01/03/2022,15070,20.4,111,3,0,2022
01/04/2022,15070,20.4,111,4,11,2022
01/05/2022,15070,20.4,111,5,0,2022
01/06/2022,15070,20.4,111,6,2,2022
01/07/2022,15070,20.4,111,7,0,2022
01/08/2022,15070,20.4,111,8,5,2022
01/09/2022,15070,20.4,111,9,17,2022
01/10/2022,15070,20.4,111,10,6,2022
01/11/2022,15070,20.4,111,11,6,2022
01/12/2022,15070,20.4,111,12,0,2022
01/01/2022,15071,11.4,107,1,21,2022
01/02/2022,15071,11.4,107,2,7,2022
01/03/2022,15071,11.4,107,3,0,2022
01/04/2022,15071,11.4,107,4,2,2022
01/05/2022,15071,11.4,107,5,46,2022
01/06/2022,15071,11.4,107,6,6,2022
01/07/2022,15071,11.4,107,7,5,2022
01/08/2022,15071,11.4,107,8,1,2022
01/09/2022,15071,11.4,107,9,3,2022
01/10/2022,15071,11.4,107,10,3,2022
01/11/2022,15071,11.4,107,11,7,2022
01/12/2022,15071,11.4,107,12,0,2022
01/01/2022,15072,20.25,87,1,4,2022
01/02/2022,15072,20.25,87,2,0,2022
01/03/2022,15072,20.25,87,3,0,2022
01/04/2022,15072,20.25,87,4,0,2022
01/05/2022,15072,20.25,87,5,4,2022
01/06/2022,15072,20.25,87,6,5,2022
01/07/2022,15072,20.25,87,7,13,2022
01/08/2022,15072,20.25,87,8,6,2022
01/09/2022,15072,20.25,87,9,0,2022
01/10/2022,15072,20.25,87,10,6,2022
01/11/2022,15072,20.25,87,11,2,2022
01/12/2022,15072,20.25,87,12,0,2022
01/01/2022,15074,74,241,1,0,2022
01/02/2022,15074,74,241,2,150,2022
01/03/2022,15074,74,241,3,0,2022
01/04/2022,15074,74,241,4,0,2022
01/05/2022,15074,74,241,5,0,2022
01/06/2022,15074,74,241,6,54,2022
01/07/2022,15074,74,241,7,11,2022
01/08/2022,15074,74,241,8,0,2022
01/09/2022,15074,74,241,9,61,2022
01/10/2022,15074,74,241,10,0,2022
01/11/2022,15074,74,241,11,2,2022
01/12/2022,15074,74,241,12,0,2022
01/01/2022,15075,34,0,1,0,2022
01/02/2022,15075,34,0,2,2,2022
01/03/2022,15075,34,0,3,14,2022
01/04/2022,15075,34,0,4,0,2022
01/05/2022,15075,34,0,5,2,2022
01/06/2022,15075,34,0,6,22,2022
01/07/2022,15075,34,0,7,0,2022
01/08/2022,15075,34,0,8,32,2022
01/09/2022,15075,34,0,9,0,2022
01/10/2022,15075,34,0,10,0,2022
01/11/2022,15075,34,0,11,2,2022
01/12/2022,15075,34,0,12,0,2022
01/01/2022,15080,471.5,446,1,53,2022
01/02/2022,15080,471.5,446,2,43,2022
01/03/2022,15080,471.5,446,3,159,2022
01/04/2022,15080,471.5,446,4,167,2022
01/05/2022,15080,471.5,446,5,147,2022
01/06/2022,15080,471.5,446,6,217,2022
01/07/2022,15080,471.5,446,7,173,2022
01/08/2022,15080,471.5,446,8,98,2022
01/09/2022,15080,471.5,446,9,25,2022
01/10/2022,15080,471.5,446,10,341,2022
01/11/2022,15080,471.5,446,11,141,2022
01/12/2022,15080,471.5,446,12,165,2022
01/01/2022,15081,274.5,0,1,59,2022
01/02/2022,15081,274.5,0,2,45,2022
01/03/2022,15081,274.5,0,3,128,2022
01/04/2022,15081,274.5,0,4,153,2022
01/05/2022,15081,274.5,0,5,86,2022
01/06/2022,15081,274.5,0,6,276,2022
01/07/2022,15081,274.5,0,7,201,2022
01/08/2022,15081,274.5,0,8,49,2022
01/09/2022,15081,274.5,0,9,30,2022
01/10/2022,15081,274.5,0,10,159,2022
01/11/2022,15081,274.5,0,11,64,2022
01/12/2022,15081,274.5,0,12,46,2022
01/01/2022,15082,23.5,174,1,2,2022
01/02/2022,15082,23.5,174,2,4,2022
01/03/2022,15082,23.5,174,3,41,2022
01/04/2022,15082,23.5,174,4,6,2022
01/05/2022,15082,23.5,174,5,0,2022
01/06/2022,15082,23.5,174,6,4,2022
01/07/2022,15082,23.5,174,7,3,2022
01/08/2022,15082,23.5,174,8,26,2022
01/09/2022,15082,23.5,174,9,2,2022
01/10/2022,15082,23.5,174,10,4,2022
01/11/2022,15082,23.5,174,11,7,2022
01/12/2022,15082,23.5,174,12,5,2022
01/01/2022,15083,494,729,1,58,2022
01/02/2022,15083,494,729,2,102,2022
01/03/2022,15083,494,729,3,128,2022
01/04/2022,15083,494,729,4,126,2022
01/05/2022,15083,494,729,5,100,2022
01/06/2022,15083,494,729,6,223,2022
01/07/2022,15083,494,729,7,370,2022
01/08/2022,15083,494,729,8,53,2022
01/09/2022,15083,494,729,9,1,2022
01/10/2022,15083,494,729,10,282,2022
01/11/2022,15083,494,729,11,68,2022
01/12/2022,15083,494,729,12,214,2022
01/01/2022,15084,507.6,533,1,0,2022
01/02/2022,15084,507.6,533,2,85,2022
01/03/2022,15084,507.6,533,3,123,2022
01/04/2022,15084,507.6,533,4,109,2022
01/05/2022,15084,507.6,533,5,179,2022
01/06/2022,15084,507.6,533,6,162,2022
01/07/2022,15084,507.6,533,7,295,2022
01/08/2022,15084,507.6,533,8,66,2022
01/09/2022,15084,507.6,533,9,0,2022
01/10/2022,15084,507.6,533,10,219,2022
01/11/2022,15084,507.6,533,11,93,2022
01/12/2022,15084,507.6,533,12,173,2022
01/01/2022,15085,29.5,190,1,5,2022
01/02/2022,15085,29.5,190,2,3,2022
01/03/2022,15085,29.5,190,3,21,2022
01/04/2022,15085,29.5,190,4,1,2022
01/05/2022,15085,29.5,190,5,1,2022
01/06/2022,15085,29.5,190,6,5,2022
01/07/2022,15085,29.5,190,7,10,2022
01/08/2022,15085,29.5,190,8,6,2022
01/09/2022,15085,29.5,190,9,31,2022
01/10/2022,15085,29.5,190,10,5,2022
01/11/2022,15085,29.5,190,11,3,2022
01/12/2022,15085,29.5,190,12,4,2022
01/01/2022,15086,254.5,645,1,49,2022
01/02/2022,15086,254.5,645,2,66,2022
01/03/2022,15086,254.5,645,3,71,2022
01/04/2022,15086,254.5,645,4,25,2022
01/05/2022,15086,254.5,645,5,39,2022
01/06/2022,15086,254.5,645,6,121,2022
01/07/2022,15086,254.5,645,7,182,2022
01/08/2022,15086,254.5,645,8,52,2022
01/09/2022,15086,254.5,645,9,30,2022
01/10/2022,15086,254.5,645,10,42,2022
01/11/2022,15086,254.5,645,11,5,2022
01/12/2022,15086,254.5,645,12,198,2022
01/01/2022,15087,257.5,665,1,31,2022
01/02/2022,15087,257.5,665,2,20,2022
01/03/2022,15087,257.5,665,3,73,2022
01/04/2022,15087,257.5,665,4,59,2022
01/05/2022,15087,257.5,665,5,37,2022
01/06/2022,15087,257.5,665,6,97,2022
01/07/2022,15087,257.5,665,7,223,2022
01/08/2022,15087,257.5,665,8,63,2022
01/09/2022,15087,257.5,665,9,28,2022
01/10/2022,15087,257.5,665,10,21,2022
01/11/2022,15087,257.5,665,11,2,2022
01/12/2022,15087,257.5,665,12,178,2022
01/01/2022,15088,9.5,90,1,2,2022
01/02/2022,15088,9.5,90,2,15,2022
01/03/2022,15088,9.5,90,3,6,2022
01/04/2022,15088,9.5,90,4,10,2022
01/05/2022,15088,9.5,90,5,1,2022
01/06/2022,15088,9.5,90,6,17,2022
01/07/2022,15088,9.5,90,7,3,2022
01/08/2022,15088,9.5,90,8,8,2022
01/09/2022,15088,9.5,90,9,0,2022
01/10/2022,15088,9.5,90,10,2,2022
01/11/2022,15088,9.5,90,11,2,2022
01/12/2022,15088,9.5,90,12,4,2022
01/01/2022,15126,73.5,0,1,3,2022
01/02/2022,15126,73.5,0,2,12,2022
01/03/2022,15126,73.5,0,3,5,2022
01/04/2022,15126,73.5,0,4,8,2022
01/05/2022,15126,73.5,0,5,76,2022
01/06/2022,15126,73.5,0,6,1,2022
01/07/2022,15126,73.5,0,7,31,2022
01/08/2022,15126,73.5,0,8,7,2022
01/09/2022,15126,73.5,0,9,44,2022
01/10/2022,15126,73.5,0,10,16,2022
01/11/2022,15126,73.5,0,11,0,2022
01/12/2022,15126,73.5,0,12,0,2022
01/01/2022,15127,73.5,0,1,19,2022
01/02/2022,15127,73.5,0,2,15,2022
01/03/2022,15127,73.5,0,3,10,2022
01/04/2022,15127,73.5,0,4,7,2022
01/05/2022,15127,73.5,0,5,38,2022
01/06/2022,15127,73.5,0,6,7,2022
01/07/2022,15127,73.5,0,7,28,2022
01/08/2022,15127,73.5,0,8,26,2022
01/09/2022,15127,73.5,0,9,5,2022
01/10/2022,15127,73.5,0,10,39,2022
01/11/2022,15127,73.5,0,11,0,2022
01/12/2022,15127,73.5,0,12,0,2022
01/01/2022,15219,95,92,1,3,2022
01/02/2022,15219,95,92,2,13,2022
01/03/2022,15219,95,92,3,3,2022
01/04/2022,15219,95,92,4,6,2022
01/05/2022,15219,95,92,5,7,2022
01/06/2022,15219,95,92,6,28,2022
01/07/2022,15219,95,92,7,122,2022
01/08/2022,15219,95,92,8,11,2022
01/09/2022,15219,95,92,9,4,2022
01/10/2022,15219,95,92,10,8,2022
01/11/2022,15219,95,92,11,7,2022
01/12/2022,15219,95,92,12,38,2022
01/01/2022,15220,8.4,155,1,0,2022
01/02/2022,15220,8.4,155,2,12,2022
01/03/2022,15220,8.4,155,3,1,2022
01/04/2022,15220,8.4,155,4,2,2022
01/05/2022,15220,8.4,155,5,0,2022
01/06/2022,15220,8.4,155,6,3,2022
01/07/2022,15220,8.4,155,7,2,2022
01/08/2022,15220,8.4,155,8,5,2022
01/09/2022,15220,8.4,155,9,2,2022
01/10/2022,15220,8.4,155,10,0,2022
01/11/2022,15220,8.4,155,11,5,2022
01/12/2022,15220,8.4,155,12,0,2022
01/01/2022,15301,39,384,1,0,2022
01/02/2022,15301,39,384,2,0,2022
01/03/2022,15301,39,384,3,0,2022
01/04/2022,15301,39,384,4,0,2022
01/05/2022,15301,39,384,5,0,2022
01/06/2022,15301,39,384,6,0,2022
01/07/2022,15301,39,384,7,0,2022
01/08/2022,15301,39,384,8,0,2022
01/09/2022,15301,39,384,9,0,2022
01/10/2022,15301,39,384,10,8,2022
01/11/2022,15301,39,384,11,18,2022
01/12/2022,15301,39,384,12,13,2022
01/01/2022,15302,60,401,1,0,2022
01/02/2022,15302,60,401,2,0,2022
01/03/2022,15302,60,401,3,0,2022
01/04/2022,15302,60,401,4,0,2022
01/05/2022,15302,60,401,5,0,2022
01/06/2022,15302,60,401,6,0,2022
01/07/2022,15302,60,401,7,0,2022
01/08/2022,15302,60,401,8,0,2022
01/09/2022,15302,60,401,9,0,2022
01/10/2022,15302,60,401,10,7,2022
01/11/2022,15302,60,401,11,24,2022
01/12/2022,15302,60,401,12,29,2022
01/01/2022,15303,11,144,1,0,2022
01/02/2022,15303,11,144,2,0,2022
01/03/2022,15303,11,144,3,0,2022
01/04/2022,15303,11,144,4,0,2022
01/05/2022,15303,11,144,5,0,2022
01/06/2022,15303,11,144,6,0,2022
01/07/2022,15303,11,144,7,0,2022
01/08/2022,15303,11,144,8,0,2022
01/09/2022,15303,11,144,9,0,2022
01/10/2022,15303,11,144,10,4,2022
01/11/2022,15303,11,144,11,2,2022
01/12/2022,15303,11,144,12,5,2022
01/01/2022,15304,66,173,1,0,2022
01/02/2022,15304,66,173,2,0,2022
01/03/2022,15304,66,173,3,0,2022
01/04/2022,15304,66,173,4,0,2022
01/05/2022,15304,66,173,5,0,2022
01/06/2022,15304,66,173,6,0,2022
01/07/2022,15304,66,173,7,0,2022
01/08/2022,15304,66,173,8,0,2022
01/09/2022,15304,66,173,9,0,2022
01/10/2022,15304,66,173,10,8,2022
01/11/2022,15304,66,173,11,36,2022
01/12/2022,15304,66,173,12,22,2022
01/01/2022,15305,21,307,1,0,2022
01/02/2022,15305,21,307,2,0,2022
01/03/2022,15305,21,307,3,0,2022
01/04/2022,15305,21,307,4,0,2022
01/05/2022,15305,21,307,5,0,2022
01/06/2022,15305,21,307,6,0,2022
01/07/2022,15305,21,307,7,0,2022
01/08/2022,15305,21,307,8,0,2022
01/09/2022,15305,21,307,9,0,2022
01/10/2022,15305,21,307,10,5,2022
01/11/2022,15305,21,307,11,5,2022
01/12/2022,15305,21,307,12,11,2022
01/01/2022,15306,0,200,1,0,2022
01/02/2022,15306,0,200,2,0,2022
01/03/2022,15306,0,200,3,0,2022
01/04/2022,15306,0,200,4,0,2022
01/05/2022,15306,0,200,5,0,2022
01/06/2022,15306,0,200,6,0,2022
01/07/2022,15306,0,200,7,0,2022
01/08/2022,15306,0,200,8,0,2022
01/09/2022,15306,0,200,9,0,2022
01/10/2022,15306,0,200,10,0,2022
01/11/2022,15306,0,200,11,0,2022
01/12/2022,15306,0,200,12,0,2022
01/01/2022,15307,10.5,267,1,0,2022
01/02/2022,15307,10.5,267,2,0,2022
01/03/2022,15307,10.5,267,3,0,2022
01/04/2022,15307,10.5,267,4,0,2022
01/05/2022,15307,10.5,267,5,0,2022
01/06/2022,15307,10.5,267,6,0,2022
01/07/2022,15307,10.5,267,7,0,2022
01/08/2022,15307,10.5,267,8,0,2022
01/09/2022,15307,10.5,267,9,0,2022
01/10/2022,15307,10.5,267,10,4,2022
01/11/2022,15307,10.5,267,11,3,2022
01/12/2022,15307,10.5,267,12,0,2022
01/01/2022,15308,0,200,1,0,2022
01/02/2022,15308,0,200,2,0,2022
01/03/2022,15308,0,200,3,0,2022
01/04/2022,15308,0,200,4,0,2022
01/05/2022,15308,0,200,5,0,2022
01/06/2022,15308,0,200,6,0,2022
01/07/2022,15308,0,200,7,0,2022
01/08/2022,15308,0,200,8,0,2022
01/09/2022,15308,0,200,9,0,2022
01/10/2022,15308,0,200,10,0,2022
01/11/2022,15308,0,200,11,0,2022
01/12/2022,15308,0,200,12,0,2022
01/01/2022,15309,6,0,1,0,2022
01/02/2022,15309,6,0,2,0,2022
01/03/2022,15309,6,0,3,0,2022
01/04/2022,15309,6,0,4,0,2022
01/05/2022,15309,6,0,5,0,2022
01/06/2022,15309,6,0,6,0,2022
01/07/2022,15309,6,0,7,0,2022
01/08/2022,15309,6,0,8,0,2022
01/09/2022,15309,6,0,9,0,2022
01/10/2022,15309,6,0,10,0,2022
01/11/2022,15309,6,0,11,2,2022
01/12/2022,15309,6,0,12,2,2022
01/01/2022,15311,3,0,1,0,2022
01/02/2022,15311,3,0,2,0,2022
01/03/2022,15311,3,0,3,0,2022
01/04/2022,15311,3,0,4,0,2022
01/05/2022,15311,3,0,5,0,2022
01/06/2022,15311,3,0,6,0,2022
01/07/2022,15311,3,0,7,0,2022
01/08/2022,15311,3,0,8,0,2022
01/09/2022,15311,3,0,9,0,2022
01/10/2022,15311,3,0,10,0,2022
01/11/2022,15311,3,0,11,0,2022
01/12/2022,15311,3,0,12,1,2022
01/01/2022,15341,9,105,1,0,2022
01/02/2022,15341,9,105,2,0,2022
01/03/2022,15341,9,105,3,0,2022
01/04/2022,15341,9,105,4,0,2022
01/05/2022,15341,9,105,5,0,2022
01/06/2022,15341,9,105,6,0,2022
01/07/2022,15341,9,105,7,0,2022
01/08/2022,15341,9,105,8,0,2022
01/09/2022,15341,9,105,9,0,2022
01/10/2022,15341,9,105,10,0,2022
01/11/2022,15341,9,105,11,2,2022
01/12/2022,15341,9,105,12,4,2022
01/01/2022,15342,33,100,1,0,2022
01/02/2022,15342,33,100,2,0,2022
01/03/2022,15342,33,100,3,0,2022
01/04/2022,15342,33,100,4,0,2022
01/05/2022,15342,33,100,5,0,2022
01/06/2022,15342,33,100,6,0,2022
01/07/2022,15342,33,100,7,0,2022
01/08/2022,15342,33,100,8,0,2022
01/09/2022,15342,33,100,9,0,2022
01/10/2022,15342,33,100,10,0,2022
01/11/2022,15342,33,100,11,11,2022
01/12/2022,15342,33,100,12,0,2022
01/01/2022,15343,42,31,1,0,2022
01/02/2022,15343,42,31,2,0,2022
01/03/2022,15343,42,31,3,0,2022
01/04/2022,15343,42,31,4,0,2022
01/05/2022,15343,42,31,5,0,2022
01/06/2022,15343,42,31,6,0,2022
01/07/2022,15343,42,31,7,0,2022
01/08/2022,15343,42,31,8,0,2022
01/09/2022,15343,42,31,9,0,2022
01/10/2022,15343,42,31,10,0,2022
01/11/2022,15343,42,31,11,2,2022
01/12/2022,15343,42,31,12,26,2022
01/01/2022,15344,12,89,1,0,2022
01/02/2022,15344,12,89,2,0,2022
01/03/2022,15344,12,89,3,0,2022
01/04/2022,15344,12,89,4,0,2022
01/05/2022,15344,12,89,5,0,2022
01/06/2022,15344,12,89,6,0,2022
01/07/2022,15344,12,89,7,0,2022
01/08/2022,15344,12,89,8,0,2022
01/09/2022,15344,12,89,9,0,2022
01/10/2022,15344,12,89,10,0,2022
01/11/2022,15344,12,89,11,1,2022
01/12/2022,15344,12,89,12,7,2022
01/01/2022,15369,3,0,1,0,2022
01/02/2022,15369,3,0,2,0,2022
01/03/2022,15369,3,0,3,0,2022
01/04/2022,15369,3,0,4,0,2022
01/05/2022,15369,3,0,5,0,2022
01/06/2022,15369,3,0,6,0,2022
01/07/2022,15369,3,0,7,0,2022
01/08/2022,15369,3,0,8,0,2022
01/09/2022,15369,3,0,9,0,2022
01/10/2022,15369,3,0,10,0,2022
01/11/2022,15369,3,0,11,1,2022
01/12/2022,15369,3,0,12,1,2022
01/01/2022,15372,0,200,1,0,2022
01/02/2022,15372,0,200,2,0,2022
01/03/2022,15372,0,200,3,0,2022
01/04/2022,15372,0,200,4,0,2022
01/05/2022,15372,0,200,5,0,2022
01/06/2022,15372,0,200,6,0,2022
01/07/2022,15372,0,200,7,0,2022
01/08/2022,15372,0,200,8,0,2022
01/09/2022,15372,0,200,9,0,2022
01/10/2022,15372,0,200,10,0,2022
01/11/2022,15372,0,200,11,0,2022
01/12/2022,15372,0,200,12,0,2022
01/01/2022,15373,0,200,1,0,2022
01/02/2022,15373,0,200,2,0,2022
01/03/2022,15373,0,200,3,0,2022
01/04/2022,15373,0,200,4,0,2022
01/05/2022,15373,0,200,5,0,2022
01/06/2022,15373,0,200,6,0,2022
01/07/2022,15373,0,200,7,0,2022
01/08/2022,15373,0,200,8,0,2022
01/09/2022,15373,0,200,9,0,2022
01/10/2022,15373,0,200,10,0,2022
01/11/2022,15373,0,200,11,0,2022
01/12/2022,15373,0,200,12,0,2022
01/01/2022,150011,79.5,256,1,40,2022
01/02/2022,150011,79.5,256,2,33,2022
01/03/2022,150011,79.5,256,3,42,2022
01/04/2022,150011,79.5,256,4,28,2022
01/05/2022,150011,79.5,256,5,30,2022
01/06/2022,150011,79.5,256,6,63,2022
01/07/2022,150011,79.5,256,7,14,2022
01/08/2022,150011,79.5,256,8,18,2022
01/09/2022,150011,79.5,256,9,4,2022
01/10/2022,150011,79.5,256,10,103,2022
01/11/2022,150011,79.5,256,11,8,2022
01/12/2022,150011,79.5,256,12,12,2022
01/01/2022,150022,68.5,185,1,30,2022
01/02/2022,150022,68.5,185,2,0,2022
01/03/2022,150022,68.5,185,3,4,2022
01/04/2022,150022,68.5,185,4,0,2022
01/05/2022,150022,68.5,185,5,18,2022
01/06/2022,150022,68.5,185,6,22,2022
01/07/2022,150022,68.5,185,7,85,2022
01/08/2022,150022,68.5,185,8,13,2022
01/09/2022,150022,68.5,185,9,3,2022
01/10/2022,150022,68.5,185,10,22,2022
01/11/2022,150022,68.5,185,11,9,2022
01/12/2022,150022,68.5,185,12,5,2022
01/01/2022,150033,9,550,1,5,2022
01/02/2022,150033,9,550,2,1,2022
01/03/2022,150033,9,550,3,4,2022
01/04/2022,150033,9,550,4,2,2022
01/05/2022,150033,9,550,5,3,2022
01/06/2022,150033,9,550,6,11,2022
01/07/2022,150033,9,550,7,7,2022
01/08/2022,150033,9,550,8,0,2022
01/09/2022,150033,9,550,9,0,2022
01/10/2022,150033,9,550,10,5,2022
01/11/2022,150033,9,550,11,3,2022
01/12/2022,150033,9,550,12,2,2022
01/01/2022,150044,93,192,1,48,2022
01/02/2022,150044,93,192,2,6,2022
01/03/2022,150044,93,192,3,5,2022
01/04/2022,150044,93,192,4,35,2022
01/05/2022,150044,93,192,5,74,2022
01/06/2022,150044,93,192,6,20,2022
01/07/2022,150044,93,192,7,33,2022
01/08/2022,150044,93,192,8,25,2022
01/09/2022,150044,93,192,9,13,2022
01/10/2022,150044,93,192,10,13,2022
01/11/2022,150044,93,192,11,48,2022
01/12/2022,150044,93,192,12,54,2022
01/01/2022,150055,12.6,335,1,33,2022
01/02/2022,150055,12.6,335,2,0,2022
01/03/2022,150055,12.6,335,3,1,2022
01/04/2022,150055,12.6,335,4,14,2022
01/05/2022,150055,12.6,335,5,13,2022
01/06/2022,150055,12.6,335,6,28,2022
01/07/2022,150055,12.6,335,7,13,2022
01/08/2022,150055,12.6,335,8,19,2022
01/09/2022,150055,12.6,335,9,10,2022
01/10/2022,150055,12.6,335,10,0,2022
01/11/2022,150055,12.6,335,11,1,2022
01/12/2022,150055,12.6,335,12,0,2022
01/01/2022,150066,11.4,170,1,22,2022
01/02/2022,150066,11.4,170,2,0,2022
01/03/2022,150066,11.4,170,3,2,2022
01/04/2022,150066,11.4,170,4,3,2022
01/05/2022,150066,11.4,170,5,0,2022
01/06/2022,150066,11.4,170,6,2,2022
01/07/2022,150066,11.4,170,7,5,2022
01/08/2022,150066,11.4,170,8,4,2022
01/09/2022,150066,11.4,170,9,1,2022
01/10/2022,150066,11.4,170,10,0,2022
01/11/2022,150066,11.4,170,11,5,2022
01/12/2022,150066,11.4,170,12,4,2022
01/01/2022,150077,144.5,128,1,85,2022
01/02/2022,150077,144.5,128,2,33,2022
01/03/2022,150077,144.5,128,3,32,2022
01/04/2022,150077,144.5,128,4,28,2022
01/05/2022,150077,144.5,128,5,24,2022
01/06/2022,150077,144.5,128,6,66,2022
01/07/2022,150077,144.5,128,7,42,2022
01/08/2022,150077,144.5,128,8,46,2022
01/09/2022,150077,144.5,128,9,22,2022
01/10/2022,150077,144.5,128,10,88,2022
01/11/2022,150077,144.5,128,11,31,2022
01/12/2022,150077,144.5,128,12,60,2022
01/01/2022,150088,56.25,221,1,60,2022
01/02/2022,150088,56.25,221,2,0,2022
01/03/2022,150088,56.25,221,3,66,2022
01/04/2022,150088,56.25,221,4,6,2022
01/05/2022,150088,56.25,221,5,44,2022
01/06/2022,150088,56.25,221,6,4,2022
01/07/2022,150088,56.25,221,7,57,2022
01/08/2022,150088,56.25,221,8,5,2022
01/09/2022,150088,56.25,221,9,0,2022
01/10/2022,150088,56.25,221,10,0,2022
01/11/2022,150088,56.25,221,11,13,2022
01/12/2022,150088,56.25,221,12,0,2022
01/01/2022,150099,37.2,203,1,70,2022
01/02/2022,150099,37.2,203,2,5,2022
01/03/2022,150099,37.2,203,3,0,2022
01/04/2022,150099,37.2,203,4,5,2022
01/05/2022,150099,37.2,203,5,2,2022
01/06/2022,150099,37.2,203,6,0,2022
01/07/2022,150099,37.2,203,7,1,2022
01/08/2022,150099,37.2,203,8,41,2022
01/09/2022,150099,37.2,203,9,0,2022
01/10/2022,150099,37.2,203,10,20,2022
01/11/2022,150099,37.2,203,11,2,2022
01/12/2022,150099,37.2,203,12,0,2022
01/01/2022,150177,11.4,240,1,0,2022
01/02/2022,150177,11.4,240,2,0,2022
01/03/2022,150177,11.4,240,3,0,2022
01/04/2022,150177,11.4,240,4,0,2022
01/05/2022,150177,11.4,240,5,0,2022
01/06/2022,150177,11.4,240,6,0,2022
01/07/2022,150177,11.4,240,7,7,2022
01/08/2022,150177,11.4,240,8,9,2022
01/09/2022,150177,11.4,240,9,0,2022
01/10/2022,150177,11.4,240,10,0,2022
01/11/2022,150177,11.4,240,11,2,2022
01/12/2022,150177,11.4,240,12,1,2022
01/01/2022,150244,15,307,1,6,2022
01/02/2022,150244,15,307,2,0,2022
01/03/2022,150244,15,307,3,0,2022
01/04/2022,150244,15,307,4,0,2022
01/05/2022,150244,15,307,5,9,2022
01/06/2022,150244,15,307,6,4,2022
01/07/2022,150244,15,307,7,16,2022
01/08/2022,150244,15,307,8,0,2022
01/09/2022,150244,15,307,9,0,2022
01/10/2022,150244,15,307,10,0,2022
01/11/2022,150244,15,307,11,0,2022
01/12/2022,150244,15,307,12,0,2022
01/01/2022,150266,7.5,0,1,0,2022
01/02/2022,150266,7.5,0,2,0,2022
01/03/2022,150266,7.5,0,3,0,2022
01/04/2022,150266,7.5,0,4,0,2022
01/05/2022,150266,7.5,0,5,0,2022
01/06/2022,150266,7.5,0,6,0,2022
01/07/2022,150266,7.5,0,7,5,2022
01/08/2022,150266,7.5,0,8,0,2022
01/09/2022,150266,7.5,0,9,0,2022
01/10/2022,150266,7.5,0,10,0,2022
01/11/2022,150266,7.5,0,11,0,2022
01/12/2022,150266,7.5,0,12,0,2022
01/01/2022,150277,69,483,1,10,2022
01/02/2022,150277,69,483,2,4,2022
01/03/2022,150277,69,483,3,34,2022
01/04/2022,150277,69,483,4,20,2022
01/05/2022,150277,69,483,5,30,2022
01/06/2022,150277,69,483,6,5,2022
01/07/2022,150277,69,483,7,23,2022
01/08/2022,150277,69,483,8,20,2022
01/09/2022,150277,69,483,9,35,2022
01/10/2022,150277,69,483,10,24,2022
01/11/2022,150277,69,483,11,24,2022
01/12/2022,150277,69,483,12,12,2022
01/01/2022,150288,26.5,69,1,9,2022
01/02/2022,150288,26.5,69,2,0,2022
01/03/2022,150288,26.5,69,3,9,2022
01/04/2022,150288,26.5,69,4,6,2022
01/05/2022,150288,26.5,69,5,16,2022
01/06/2022,150288,26.5,69,6,26,2022
01/07/2022,150288,26.5,69,7,16,2022
01/08/2022,150288,26.5,69,8,0,2022
01/09/2022,150288,26.5,69,9,23,2022
01/10/2022,150288,26.5,69,10,5,2022
01/11/2022,150288,26.5,69,11,11,2022
01/12/2022,150288,26.5,69,12,0,2022
01/01/2022,150333,32,264,1,10,2022
01/02/2022,150333,32,264,2,2,2022
01/03/2022,150333,32,264,3,0,2022
01/04/2022,150333,32,264,4,45,2022
01/05/2022,150333,32,264,5,12,2022
01/06/2022,150333,32,264,6,13,2022
01/07/2022,150333,32,264,7,18,2022
01/08/2022,150333,32,264,8,17,2022
01/09/2022,150333,32,264,9,2,2022
01/10/2022,150333,32,264,10,14,2022
01/11/2022,150333,32,264,11,7,2022
01/12/2022,150333,32,264,12,6,2022
01/01/2022,150355,146.5,0,1,2,2022
01/02/2022,150355,146.5,0,2,25,2022
01/03/2022,150355,146.5,0,3,21,2022
01/04/2022,150355,146.5,0,4,40,2022
01/05/2022,150355,146.5,0,5,22,2022
01/06/2022,150355,146.5,0,6,73,2022
01/07/2022,150355,146.5,0,7,92,2022
01/08/2022,150355,146.5,0,8,70,2022
01/09/2022,150355,146.5,0,9,3,2022
01/10/2022,150355,146.5,0,10,43,2022
01/11/2022,150355,146.5,0,11,34,2022
01/12/2022,150355,146.5,0,12,51,2022
01/01/2022,150366,201.5,232,1,35,2022
01/02/2022,150366,201.5,232,2,34,2022
01/03/2022,150366,201.5,232,3,3,2022
01/04/2022,150366,201.5,232,4,55,2022
01/05/2022,150366,201.5,232,5,65,2022
01/06/2022,150366,201.5,232,6,139,2022
01/07/2022,150366,201.5,232,7,40,2022
01/08/2022,150366,201.5,232,8,26,2022
01/09/2022,150366,201.5,232,9,15,2022
01/10/2022,150366,201.5,232,10,99,2022
01/11/2022,150366,201.5,232,11,63,2022
01/12/2022,150366,201.5,232,12,160,2022
01/01/2022,150600,27.5,82,1,9,2022
01/02/2022,150600,27.5,82,2,10,2022
01/03/2022,150600,27.5,82,3,10,2022
01/04/2022,150600,27.5,82,4,16,2022
01/05/2022,150600,27.5,82,5,0,2022
01/06/2022,150600,27.5,82,6,2,2022
01/07/2022,150600,27.5,82,7,14,2022
01/08/2022,150600,27.5,82,8,9,2022
01/09/2022,150600,27.5,82,9,28,2022
01/10/2022,150600,27.5,82,10,1,2022
01/11/2022,150600,27.5,82,11,2,2022
01/12/2022,150600,27.5,82,12,1,2022
01/01/2022,150611,70,95,1,0,2022
01/02/2022,150611,70,95,2,14,2022
01/03/2022,150611,70,95,3,30,2022
01/04/2022,150611,70,95,4,22,2022
01/05/2022,150611,70,95,5,4,2022
01/06/2022,150611,70,95,6,25,2022
01/07/2022,150611,70,95,7,25,2022
01/08/2022,150611,70,95,8,14,2022
01/09/2022,150611,70,95,9,16,2022
01/10/2022,150611,70,95,10,42,2022
01/11/2022,150611,70,95,11,9,2022
01/12/2022,150611,70,95,12,34,2022
01/01/2022,150622,38,27,1,2,2022
01/02/2022,150622,38,27,2,0,2022
01/03/2022,150622,38,27,3,20,2022
01/04/2022,150622,38,27,4,12,2022
01/05/2022,150622,38,27,5,0,2022
01/06/2022,150622,38,27,6,54,2022
01/07/2022,150622,38,27,7,11,2022
01/08/2022,150622,38,27,8,0,2022
01/09/2022,150622,38,27,9,0,2022
01/10/2022,150622,38,27,10,10,2022
01/11/2022,150622,38,27,11,17,2022
01/12/2022,150622,38,27,12,0,2022
